{
    "change_point_date": "1994-02-10 00:00:00",
    "mu_before": 0.0004822363925126512,
    "mu_after": -0.6342877992101437,
    "impact_percent": -131630.47116689838
}